CreateFile,C:\Program Files\Windows Media Player\wmpshare.exe,Desired Access: Generic Read/Write, Disposition: Open, Options: Synchronous IO Non-Alert, Non-Directory File, Attributes: n/a, ShareMode: None, AllocationSize: n/a"
CreateFile,C:\Program Files\Windows Media Player\wmpshare.exe,Desired Access: Write Owner, Disposition: Open, Options: Open Reparse Point, Attributes: n/a, ShareMode: Read, Write, Delete, AllocationSize: n/a, OpenResult: Opened"
SetSecurityFile,C:\Program Files\Windows Media Player\wmpshare.exe,Information: Owner"
CloseFile,C:\Program Files\Windows Media Player\wmpshare.exe,"
CreateFile,C:\Program Files\Windows Media Player\wmpshare.exe,Desired Access: Write DAC, Disposition: Open, Options: Open Reparse Point, Attributes: n/a, ShareMode: Read, Write, Delete, AllocationSize: n/a, OpenResult: Opened"
SetSecurityFile,C:\Program Files\Windows Media Player\wmpshare.exe,Information: DACL"
CloseFile,C:\Program Files\Windows Media Player\wmpshare.exe,"
CreateFile,C:\Program Files\Windows Media Player\wmpshare.exe,Desired Access: Generic Read/Write, Disposition: Open, Options: Synchronous IO Non-Alert, Non-Directory File, Attributes: n/a, ShareMode: None, AllocationSize: n/a, OpenResult: Opened"
ReadFile,C:\Program Files\Windows Media Player\wmpshare.exe,Offset: 0, Length: 102,400, Priority: Normal"
ReadFile,C:\Program Files\Windows Media Player\wmpshare.exe,Offset: 0, Length: 102,400, I/O Flags: Non-cached, Paging I/O, Priority: Normal"
CloseFile,C:\Program Files\Windows Media Player\wmpshare.exe,"
CreateFile,C:\Program Files\Windows Media Player\wmpshare.vir,Desired Access: Generic Write, Read Attributes, Disposition: OverwriteIf, Options: Synchronous IO Non-Alert, Non-Directory File, Attributes: n/a, ShareMode: None, AllocationSize: 0, OpenResult: Created"
WriteFile,C:\Program Files\Windows Media Player\wmpshare.vir,Offset: 0, Length: 614,400, Priority: Normal"
CloseFile,C:\Program Files\Windows Media Player\wmpshare.vir,"
CreateFile,C:\Program Files\Windows Media Player\wmpshare.vir,Desired Access: Generic Read, Disposition: Open, Options: Sequential Access, Synchronous IO Non-Alert, Non-Directory File, Open Reparse Point, Attributes: n/a, ShareMode: Read, Delete, AllocationSize: n/a, OpenResult: Opened"
CreateFile,C:\Program Files\Windows Media Player\wmpshare.exe,Desired Access: Generic Write, Read Data/List Directory, Read Attributes, Delete, Disposition: OverwriteIf, Options: Sequential Access, Synchronous IO Non-Alert, Non-Directory File, Attributes: A, ShareMode: None, AllocationSize: 0, OpenResult: Overwritten"
SetEndOfFileInformationFile,C:\Program Files\Windows Media Player\wmpshare.exe,EndOfFile: 614,400"
ReadFile,C:\Program Files\Windows Media Player\wmpshare.vir,Offset: 0, Length: 262,144, Priority: Normal"
WriteFile,C:\Program Files\Windows Media Player\wmpshare.exe,Offset: 0, Length: 65,536, Priority: Normal"
WriteFile,C:\Program Files\Windows Media Player\wmpshare.exe,Offset: 65,536, Length: 65,536"
WriteFile,C:\Program Files\Windows Media Player\wmpshare.exe,Offset: 131,072, Length: 65,536"
WriteFile,C:\Program Files\Windows Media Player\wmpshare.exe,Offset: 196,608, Length: 65,536"
ReadFile,C:\Program Files\Windows Media Player\wmpshare.vir,Offset: 262,144, Length: 262,144"
WriteFile,C:\Program Files\Windows Media Player\wmpshare.exe,Offset: 262,144, Length: 65,536"
WriteFile,C:\Program Files\Windows Media Player\wmpshare.exe,Offset: 327,680, Length: 65,536"
WriteFile,C:\Program Files\Windows Media Player\wmpshare.exe,Offset: 393,216, Length: 65,536"
WriteFile,C:\Program Files\Windows Media Player\wmpshare.exe,Offset: 458,752, Length: 65,536"
ReadFile,C:\Program Files\Windows Media Player\wmpshare.vir,Offset: 524,288, Length: 90,112"
WriteFile,C:\Program Files\Windows Media Player\wmpshare.exe,Offset: 524,288, Length: 65,536"
WriteFile,C:\Program Files\Windows Media Player\wmpshare.exe,Offset: 589,824, Length: 24,576"
SetBasicInformationFile,C:\Program Files\Windows Media Player\wmpshare.exe,CreationTime: 01/01/1601 00:00:00, LastAccessTime: 01/01/1601 00:00:00, LastWriteTime: 30/10/2019 13:41:33, ChangeTime: 30/10/2019 13:41:33, FileAttributes: n/a"
CloseFile,C:\Program Files\Windows Media Player\wmpshare.vir,"
CloseFile,C:\Program Files\Windows Media Player\wmpshare.exe,"
CreateFile,C:\Program Files\Windows Media Player\wmpshare.vir,Desired Access: Read Attributes, Delete, Disposition: Open, Options: Non-Directory File, Open Reparse Point, Attributes: n/a, ShareMode: Read, Write, Delete, AllocationSize: n/a, OpenResult: Opened"
SetDispositionInformationFile,C:\Program Files\Windows Media Player\wmpshare.vir,Delete: True"
CloseFile,C:\Program Files\Windows Media Player\wmpshare.vir,"
CreateFile,C:\Program Files\Windows Media Player\wmpshare.exe,Desired Access: Read Data/List Directory, Synchronize, Disposition: Open, Options: Directory, Synchronous IO Non-Alert, Attributes: n/a, ShareMode: Read, Write, Delete, AllocationSize: n/a"
